"waveid","wavedtlid","print_time","out_scatter_box_count","out_whole_qty"
4401681,9211692,"2024-01-02 12:00:07",6,0
4401681,9211693,"2024-01-02 12:00:10",4,0
4401681,9211694,"2024-01-02 12:00:13",1,0
4401681,9211695,"2024-01-02 12:00:16",2,0
4401681,9211696,"2024-01-02 12:00:19",2,0
4401681,9211697,"2024-01-02 12:00:22",1,0
4401681,9211698,"2024-01-02 12:00:26",1,0
4401681,9211699,"2024-01-02 12:00:29",1,0
4401681,9211700,"2024-01-02 12:00:32",5,2
4401681,9211702,"2024-01-02 12:00:38",2,0
4401681,9211703,"2024-01-02 12:00:41",2,0
4401681,9211704,"2024-01-02 12:00:44",3,0
4401681,9211705,"2024-01-02 12:00:47",1,2
4401681,9211706,"2024-01-02 12:00:50",1,0
4401681,9211707,"2024-01-02 12:00:53",1,2
4401681,9211708,"2024-01-02 12:00:56",2,0
4401681,9211709,"2024-01-02 12:00:59",0,2
4401682,9211731,"2024-01-02 12:01:02",1,0
4401684,9211738,"2024-01-02 12:01:05",5,1
4402755,9213685,"2024-01-02 12:01:11",1,0
4403332,9214591,"2024-01-02 12:02:30",1,0
4403332,9214592,"2024-01-02 12:02:33",1,0
4403335,9214595,"2024-01-02 12:02:36",1,0
4403335,9214596,"2024-01-02 12:02:39",1,0
4403960,9215641,"2024-01-02 14:36:13",1,0
4403960,9215642,"2024-01-02 14:43:18",1,0
4403960,9215636,"2024-01-02 14:55:09",1,0
4403960,9215634,"2024-01-02 14:55:34",1,0
4403960,9215639,"2024-01-02 14:56:34",1,0
4403960,9215635,"2024-01-02 15:01:12",1,0
4403960,9215645,"2024-01-02 15:11:18",1,0
4403960,9215646,"2024-01-02 15:33:33",1,0
4403960,9215644,"2024-01-02 15:35:33",1,0
4403960,9215637,"2024-01-02 15:36:10",3,0
4403960,9215633,"2024-01-02 15:36:47",2,0
4403027,9214145,"2024-01-02 15:38:24",3,6
4405358,9217823,"2024-01-02 15:57:28",1,0
4404643,9216657,"2024-01-02 16:25:11",1,0
4405143,9217499,"2024-01-02 17:12:34",1,0
4405716,9218433,"2024-01-02 17:22:06",1,0
4405625,9218236,"2024-01-02 17:24:37",1,0
4405716,9218432,"2024-01-02 17:25:15",1,0
4406199,9219233,"2024-01-02 18:45:29",1,0
4406195,9219229,"2024-01-02 19:04:33",1,0
4403960,9215640,"2024-01-03 12:23:39",2,0
4405678,9218392,"2024-01-03 12:23:42",1,0
4405678,9218397,"2024-01-03 12:23:45",2,0
4405678,9218398,"2024-01-03 12:23:48",1,2
4405678,9218402,"2024-01-03 12:23:51",1,0
4405678,9218404,"2024-01-03 12:23:55",2,0
4405678,9218407,"2024-01-03 12:23:58",4,0
4405678,9218408,"2024-01-03 12:24:01",1,0
4405678,9218409,"2024-01-03 12:24:04",3,0
4405678,9218411,"2024-01-03 12:24:07",13,0
4405678,9218413,"2024-01-03 12:24:10",2,0
4405678,9218414,"2024-01-03 12:24:13",3,0
4405678,9218415,"2024-01-03 12:24:16",2,0
4405678,9218418,"2024-01-03 12:24:19",2,2
4405678,9218421,"2024-01-03 12:24:22",3,0
4405678,9218422,"2024-01-03 12:24:25",1,0
4408161,9222821,"2024-01-03 12:25:11",1,0
4408362,9223085,"2024-01-03 12:25:14",1,0
4408456,9223231,"2024-01-03 12:25:17",1,0
4408456,9223232,"2024-01-03 12:25:20",1,0
4408700,9223663,"2024-01-03 12:25:50",1,0
4408700,9223664,"2024-01-03 12:25:53",1,0
4408700,9223665,"2024-01-03 12:25:56",1,0
4408700,9223666,"2024-01-03 12:25:59",1,0
4408700,9223667,"2024-01-03 12:26:02",1,0
4408700,9223668,"2024-01-03 12:26:05",1,0
4408700,9223669,"2024-01-03 12:26:08",1,0
4408700,9223670,"2024-01-03 12:26:11",1,0
4409878,9225801,"2024-01-03 15:34:56",1,0
4409884,9225807,"2024-01-03 15:38:24",8,0
4409902,9225826,"2024-01-03 15:39:48",1,0
4409910,9225834,"2024-01-03 15:42:43",1,0
4405716,9218434,"2024-01-03 15:49:18",2,0
4405678,9218417,"2024-01-03 15:49:43",1,2
4405678,9218406,"2024-01-03 15:50:21",1,0
4405678,9218412,"2024-01-03 15:51:21",1,0
4405678,9218405,"2024-01-03 15:53:18",1,0
4405678,9218400,"2024-01-03 15:53:56",3,0
4405678,9218419,"2024-01-03 15:53:59",1,2
4405678,9218394,"2024-01-03 15:55:34",1,0
4409496,9225122,"2024-01-03 15:58:06",1,0
4405678,9218423,"2024-01-03 16:00:28",2,0
4409496,9225119,"2024-01-03 16:00:43",2,0
4409496,9225114,"2024-01-03 16:04:02",1,0
4409496,9225113,"2024-01-03 16:09:26",8,0
4405678,9218399,"2024-01-03 16:41:05",1,3
4409934,9225911,"2024-01-03 17:30:55",1,0
4409990,9225974,"2024-01-03 17:31:23",1,0
4409991,9225975,"2024-01-03 17:31:38",1,0
4409952,9225930,"2024-01-03 17:31:52",1,0
4409961,9225939,"2024-01-03 17:32:06",1,0
4409957,9225935,"2024-01-03 17:32:31",1,0
4410007,9226023,"2024-01-03 17:35:02",3,0
4411133,9228073,"2024-01-03 18:29:49",1,0
4410902,9227631,"2024-01-04 09:18:29",1,0
4412039,9230114,"2024-01-04 09:24:35",1,0
4409966,9225944,"2024-01-04 09:25:45",1,0
4412028,9230100,"2024-01-04 09:43:30",1,0
4412031,9230106,"2024-01-04 09:44:10",1,0
4412032,9230107,"2024-01-04 09:44:24",1,0
4409496,9225133,"2024-01-04 11:19:01",1,0
4409496,9225111,"2024-01-04 11:19:15",1,0
4409496,9225109,"2024-01-04 11:19:30",1,0
4409496,9225108,"2024-01-04 11:19:56",7,0
4409496,9225110,"2024-01-04 11:20:22",1,0
4409496,9225106,"2024-01-04 11:21:13",1,0
4412665,9231264,"2024-01-04 11:23:50",1,0
4409496,9225112,"2024-01-04 11:24:05",1,0
4409496,9225117,"2024-01-04 11:24:22",1,0
4409496,9225116,"2024-01-04 11:24:37",1,0
4409496,9225150,"2024-01-04 11:24:40",1,0
4412665,9231265,"2024-01-04 11:25:06",1,0
4409496,9225121,"2024-01-04 11:25:32",3,0
4410902,9227633,"2024-01-04 11:26:43",1,0
4409496,9225141,"2024-01-04 11:28:28",3,0
4409496,9225130,"2024-01-04 11:28:42",1,0
4409496,9225118,"2024-01-04 11:29:47",1,0
4409496,9225155,"2024-01-04 11:29:50",1,0
4409496,9225123,"2024-01-04 11:30:07",2,2
4409496,9225128,"2024-01-04 11:30:11",1,0
4409496,9225129,"2024-01-04 11:30:25",1,0
4409496,9225134,"2024-01-04 11:30:29",1,0
4409496,9225132,"2024-01-04 11:31:52",1,0
4409496,9225126,"2024-01-04 11:33:40",1,0
4412665,9231263,"2024-01-04 11:33:43",2,0
4409496,9225143,"2024-01-04 11:33:58",1,0
4409496,9225139,"2024-01-04 11:34:38",5,0
4409496,9225146,"2024-01-04 11:35:50",4,0
4409496,9225154,"2024-01-04 11:35:53",1,0
4409496,9225135,"2024-01-04 11:36:07",1,0
4409496,9225140,"2024-01-04 11:36:10",1,0
4409496,9225152,"2024-01-04 11:36:52",1,0
4409496,9225148,"2024-01-04 11:38:29",3,0
4409496,9225115,"2024-01-04 11:38:55",2,0
4409496,9225124,"2024-01-04 11:39:50",1,0
4412743,9231464,"2024-01-04 11:40:31",1,0
4412743,9231463,"2024-01-04 11:40:48",1,0
4412743,9231462,"2024-01-04 11:42:02",1,0
4409496,9225147,"2024-01-04 12:09:23",3,0
4412743,9231461,"2024-01-04 12:12:52",1,0
4412892,9231827,"2024-01-04 12:15:09",3,0
4409496,9225145,"2024-01-04 12:17:15",11,3
4409496,9225127,"2024-01-04 12:22:11",1,0
4412348,9230674,"2024-01-04 12:53:40",1,0
4409496,9225151,"2024-01-04 13:01:24",3,0
4409496,9225125,"2024-01-04 13:06:30",1,0
4409496,9225137,"2024-01-04 14:10:51",4,0
4411995,9230058,"2024-01-04 14:37:17",1,0
4409496,9225149,"2024-01-04 14:41:05",2,0
4410902,9227632,"2024-01-04 14:50:13",11,0
4413470,9232820,"2024-01-04 14:52:41",1,0
4413468,9232815,"2024-01-04 14:52:55",1,0
4409496,9225144,"2024-01-04 14:53:09",1,0
4409496,9225138,"2024-01-04 14:55:16",0,2
4409496,9225120,"2024-01-04 14:55:31",0,1
4409496,9225136,"2024-01-04 14:55:34",4,1
4411995,9230059,"2024-01-04 14:59:33",1,0
4409496,9225142,"2024-01-04 15:05:57",1,0
4409496,9225153,"2024-01-04 15:17:28",1,0
4413063,9232129,"2024-01-04 16:30:16",1,0
4412199,9230378,"2024-01-04 16:34:29",1,0
4412199,9230379,"2024-01-04 16:35:49",1,0
4412199,9230381,"2024-01-04 16:36:49",1,0
4413063,9232132,"2024-01-04 16:38:12",2,0
4413788,9233426,"2024-01-04 16:39:39",0,64
4413063,9232141,"2024-01-04 16:43:04",1,0
4412199,9230380,"2024-01-04 16:45:11",1,0
4413063,9232144,"2024-01-04 16:45:26",1,0
4413063,9232127,"2024-01-04 16:45:41",1,0
4413063,9232130,"2024-01-04 16:46:23",1,0
4413063,9232134,"2024-01-04 16:46:38",1,0
4413063,9232136,"2024-01-04 16:47:08",1,0
4413063,9232131,"2024-01-04 16:49:15",1,0
4413063,9232146,"2024-01-04 16:49:30",1,0
4413063,9232145,"2024-01-04 16:49:44",1,0
4413063,9232143,"2024-01-04 16:51:15",1,0
4413063,9232140,"2024-01-04 16:52:48",1,0
4413063,9232133,"2024-01-04 16:53:52",1,0
4413063,9232135,"2024-01-04 16:54:36",1,0
4413063,9232139,"2024-01-04 16:55:25",1,0
4413063,9232142,"2024-01-04 16:55:40",1,0
4409496,9225131,"2024-01-04 16:57:17",1,0
4413063,9232138,"2024-01-04 16:57:54",1,0
4413063,9232126,"2024-01-04 16:58:09",1,0
4413063,9232137,"2024-01-04 17:01:36",1,0
4413063,9232128,"2024-01-04 17:05:42",2,0
4413063,9232124,"2024-01-04 17:08:46",4,1
4413063,9232125,"2024-01-04 17:12:37",7,2
4415113,9235600,"2024-01-05 09:40:21",1,0
4415113,9235601,"2024-01-05 09:40:25",1,0
4415113,9235602,"2024-01-05 09:40:28",1,0
4415113,9235603,"2024-01-05 09:40:31",1,0
4415559,9236520,"2024-01-05 09:42:11",1,0
4415111,9235588,"2024-01-05 09:43:17",1,0
4415113,9235604,"2024-01-05 10:40:58",2,0
4416214,9237727,"2024-01-05 11:29:47",2,0
4415116,9235714,"2024-01-05 11:53:06",1,0
4415116,9235715,"2024-01-05 12:09:57",1,0
4415116,9235713,"2024-01-05 12:14:34",1,0
4415116,9235725,"2024-01-05 12:17:45",1,0
4415116,9235724,"2024-01-05 12:18:17",1,0
4415116,9235721,"2024-01-05 12:19:38",1,0
4415116,9235718,"2024-01-05 12:20:38",1,0
4415125,9235760,"2024-01-05 12:21:15",2,0
4415116,9235716,"2024-01-05 12:22:17",1,0
4415125,9235761,"2024-01-05 12:23:08",1,0
4415116,9235730,"2024-01-05 12:24:27",1,0
4415219,9235965,"2024-01-05 12:24:41",1,0
4415116,9235722,"2024-01-05 12:27:39",1,0
4415116,9235712,"2024-01-05 12:28:14",1,0
4415116,9235727,"2024-01-05 12:29:20",1,0
4415125,9235764,"2024-01-05 12:32:07",2,0
4415116,9235719,"2024-01-05 12:32:21",2,0
4415125,9235766,"2024-01-05 12:32:47",1,0
4415116,9235726,"2024-01-05 12:33:01",1,0
4415116,9235720,"2024-01-05 12:33:15",1,0
4415116,9235723,"2024-01-05 12:33:30",1,0
4415125,9235765,"2024-01-05 12:33:33",1,0
4415125,9235763,"2024-01-05 12:33:58",1,0
4415130,9235790,"2024-01-05 12:35:43",1,0
4415125,9235762,"2024-01-05 12:38:56",1,0
4416214,9237724,"2024-01-05 13:14:59",2,0
4416214,9237726,"2024-01-05 13:23:31",1,0
4415116,9235729,"2024-01-05 14:47:39",1,0
4415116,9235728,"2024-01-05 14:56:41",1,0
4415116,9235732,"2024-01-05 15:02:04",1,0
4416916,9238867,"2024-01-05 15:05:10",1,0
4416925,9238878,"2024-01-05 15:07:43",2,3
4415130,9235791,"2024-01-05 15:14:32",1,0
4415116,9235731,"2024-01-05 15:18:04",1,0
4415116,9235717,"2024-01-05 15:24:50",1,0
4416393,9238000,"2024-01-05 15:24:54",1,0
4417130,9239348,"2024-01-05 15:26:43",1,0
4416393,9238001,"2024-01-05 15:27:09",1,0
4416393,9238002,"2024-01-05 15:28:44",1,0
4416393,9238003,"2024-01-05 15:31:39",1,0
4417306,9239685,"2024-01-05 15:32:05",1,0
4416393,9238005,"2024-01-05 15:32:43",1,0
4416393,9238006,"2024-01-05 15:36:55",1,0
4417130,9239349,"2024-01-05 15:37:56",1,0
4417301,9239679,"2024-01-05 15:41:12",3,0
4416925,9238879,"2024-01-05 15:47:18",1,0
4417783,9240460,"2024-01-05 16:43:11",1,0
4417783,9240461,"2024-01-05 16:44:01",2,0
4417784,9240462,"2024-01-05 16:45:13",2,0
4417841,9240549,"2024-01-05 17:05:18",1,0
4417832,9240539,"2024-01-05 17:05:59",1,0
4417829,9240536,"2024-01-05 17:06:25",1,0
4417827,9240534,"2024-01-05 17:06:40",1,0
4417823,9240524,"2024-01-05 17:07:39",1,0
4417816,9240509,"2024-01-05 17:08:40",2,0
4417813,9240501,"2024-01-05 17:09:40",1,0
4417778,9240448,"2024-01-05 17:09:55",1,1
4417810,9240496,"2024-01-05 17:09:58",1,0
4417809,9240495,"2024-01-05 17:10:12",1,0
4418267,9241292,"2024-01-05 18:17:24",3,0
4418267,9241293,"2024-01-05 18:20:36",1,0
4418275,9241303,"2024-01-05 18:26:28",1,0
4418920,9242231,"2024-01-08 09:48:32",1,0
4409944,9225922,"2024-01-08 10:50:10",1,0
4415116,9235733,"2024-01-08 10:50:46",2,0
4418920,9242236,"2024-01-08 11:02:54",1,0
4418919,9242222,"2024-01-08 11:02:56",1,0
4418919,9242215,"2024-01-08 12:27:37",1,0
4418919,9242216,"2024-01-08 12:27:40",2,0
4418919,9242217,"2024-01-08 12:27:44",2,0
4418919,9242218,"2024-01-08 12:27:47",1,0
4418919,9242221,"2024-01-08 12:27:57",1,0
4418919,9242223,"2024-01-08 12:28:00",1,0
4418919,9242224,"2024-01-08 12:28:03",2,0
4418919,9242225,"2024-01-08 12:28:07",2,0
4418919,9242227,"2024-01-08 12:28:13",1,0
4418919,9242228,"2024-01-08 12:28:17",1,0
4418919,9242229,"2024-01-08 12:28:20",1,0
4418920,9242230,"2024-01-08 12:28:23",1,0
4418920,9242232,"2024-01-08 12:28:27",1,2
4418920,9242233,"2024-01-08 12:28:31",5,0
4418920,9242235,"2024-01-08 12:28:37",1,0
4418920,9242237,"2024-01-08 12:28:41",1,0
4418920,9242238,"2024-01-08 12:28:44",2,1
4418920,9242239,"2024-01-08 12:28:47",2,0
4418920,9242240,"2024-01-08 12:28:50",1,0
4418920,9242241,"2024-01-08 12:28:53",1,1
4418920,9242242,"2024-01-08 12:28:57",2,0
4418920,9242243,"2024-01-08 12:29:00",3,0
4418920,9242244,"2024-01-08 12:29:03",1,0
4418920,9242245,"2024-01-08 12:29:06",2,0
4418923,9242269,"2024-01-08 12:29:13",2,0
4418923,9242270,"2024-01-08 12:29:16",2,0
4418923,9242271,"2024-01-08 12:29:20",1,0
4418951,9242314,"2024-01-08 12:29:23",1,0
4418951,9242315,"2024-01-08 12:29:26",1,0
4418951,9242316,"2024-01-08 12:29:30",1,0
4418951,9242317,"2024-01-08 12:29:33",1,0
4418951,9242318,"2024-01-08 12:29:36",1,0
4418951,9242319,"2024-01-08 12:29:40",1,0
4418951,9242320,"2024-01-08 12:29:43",1,0
4419323,9243006,"2024-01-08 12:30:31",1,0
4419323,9243007,"2024-01-08 12:30:34",1,0
4419663,9243682,"2024-01-08 12:31:20",1,0
4419663,9243683,"2024-01-08 12:31:24",1,0
4419663,9243684,"2024-01-08 12:31:27",1,0
4419788,9243898,"2024-01-08 12:31:30",1,0
4420100,9244511,"2024-01-08 12:32:50",1,0
4418919,9242220,"2024-01-08 13:45:26",1,0
4418920,9242234,"2024-01-08 13:45:28",2,1
4419323,9243005,"2024-01-08 13:45:30",1,0
4421485,9246845,"2024-01-08 14:56:42",1,0
4420834,9245881,"2024-01-08 15:29:45",1,0
4420843,9245895,"2024-01-08 15:37:27",1,0
4421072,9246280,"2024-01-08 15:47:07",5,0
4421485,9246844,"2024-01-08 15:47:11",1,0
4422071,9248127,"2024-01-08 15:49:08",1,0
4421079,9246293,"2024-01-08 16:24:53",1,0
4421079,9246294,"2024-01-08 16:27:14",2,0
4420832,9245878,"2024-01-08 16:28:27",1,0
4421111,9246335,"2024-01-08 16:29:05",1,0
4421079,9246296,"2024-01-08 16:31:38",1,0
4421111,9246334,"2024-01-08 16:41:10",1,0
4420823,9245867,"2024-01-08 16:44:34",1,0
4422555,9249237,"2024-01-08 16:50:17",1,0
4422079,9248135,"2024-01-08 16:56:07",1,0
4420832,9245879,"2024-01-08 16:57:54",2,0
4422555,9249234,"2024-01-08 16:59:40",1,0
4422555,9249238,"2024-01-08 16:59:55",1,0
4421072,9246281,"2024-01-08 17:01:07",2,0
4422555,9249235,"2024-01-08 17:01:22",1,0
4420823,9245865,"2024-01-09 11:58:44",3,0
4420839,9245887,"2024-01-09 11:58:47",1,0
4420841,9245890,"2024-01-09 11:58:50",1,0
4422372,9248705,"2024-01-09 11:58:54",1,0
4422372,9248707,"2024-01-09 11:58:57",1,0
4422372,9248709,"2024-01-09 11:59:00",4,0
4422372,9248710,"2024-01-09 11:59:03",1,0
4422372,9248712,"2024-01-09 11:59:06",1,0
4422407,9248793,"2024-01-09 11:59:10",1,0
4422407,9248794,"2024-01-09 11:59:13",1,0
4422407,9248795,"2024-01-09 11:59:16",1,0
4422407,9248796,"2024-01-09 11:59:20",1,0
4422814,9249919,"2024-01-09 11:59:23",1,1
4423680,9251794,"2024-01-09 11:59:26",1,0
4424371,9253082,"2024-01-09 11:59:40",1,0
4424390,9253114,"2024-01-09 11:59:44",1,0
4424515,9253282,"2024-01-09 11:59:47",1,0
4424940,9254200,"2024-01-09 12:01:00",1,0
4425128,9254647,"2024-01-09 12:01:03",1,0
4422372,9248701,"2024-01-09 14:26:55",3,4
4426046,9256341,"2024-01-09 15:05:58",1,0
4424971,9254270,"2024-01-09 16:29:37",1,0
4426309,9256829,"2024-01-09 16:36:55",1,0
4424971,9254269,"2024-01-09 16:39:50",2,0
4424971,9254271,"2024-01-09 16:43:59",1,0
4427460,9258963,"2024-01-09 17:03:32",1,0
4427446,9258945,"2024-01-09 17:11:17",2,0
4427446,9258946,"2024-01-09 17:12:40",1,0
4427446,9258947,"2024-01-09 17:13:18",1,0
4422372,9248700,"2024-01-10 12:23:26",1,0
4422372,9248702,"2024-01-10 12:23:29",2,0
4422372,9248703,"2024-01-10 12:23:33",1,0
4422372,9248704,"2024-01-10 12:23:36",2,0
4422372,9248706,"2024-01-10 12:23:39",2,1
4422372,9248708,"2024-01-10 12:23:43",1,0
4425007,9254350,"2024-01-10 12:23:46",1,6
4425007,9254351,"2024-01-10 12:23:50",2,0
4425007,9254352,"2024-01-10 12:23:53",1,0
4425007,9254353,"2024-01-10 12:23:56",2,0
4425007,9254354,"2024-01-10 12:24:00",1,0
4425007,9254355,"2024-01-10 12:24:03",2,0
4425007,9254357,"2024-01-10 12:24:06",3,0
4425007,9254358,"2024-01-10 12:24:09",1,0
4425007,9254363,"2024-01-10 12:24:13",2,0
4425007,9254364,"2024-01-10 12:24:16",1,0
4426296,9256797,"2024-01-10 12:24:19",1,0
4426298,9256799,"2024-01-10 12:24:22",1,0
4427667,9259612,"2024-01-10 12:24:25",1,0
4427667,9259617,"2024-01-10 12:24:29",1,0
4427667,9259619,"2024-01-10 12:24:32",1,0
4427667,9259621,"2024-01-10 12:24:35",1,0
4427667,9259624,"2024-01-10 12:24:38",3,2
4427667,9259625,"2024-01-10 12:24:41",1,0
4427667,9259626,"2024-01-10 12:24:44",1,0
4427667,9259629,"2024-01-10 12:24:51",2,0
4427667,9259633,"2024-01-10 12:24:54",1,0
4428275,9260959,"2024-01-10 12:25:19",1,0
4428275,9260960,"2024-01-10 12:25:23",1,0
4428937,9262007,"2024-01-10 12:26:06",1,0
4429047,9262187,"2024-01-10 12:26:09",1,0
4429048,9262188,"2024-01-10 12:26:12",1,0
4429243,9262576,"2024-01-10 12:27:19",1,0
4429601,9263271,"2024-01-10 12:27:30",1,0
4429069,9262215,"2024-01-10 12:34:08",1,0
4428633,9261454,"2024-01-10 12:48:02",1,0
4428177,9260790,"2024-01-10 12:50:00",1,0
4430497,9264852,"2024-01-10 15:49:56",1,0
4430461,9264812,"2024-01-10 15:54:23",1,0
4430484,9264838,"2024-01-10 16:33:23",1,0
4430492,9264846,"2024-01-10 16:33:50",1,0
4430492,9264847,"2024-01-10 16:34:05",1,0
4425007,9254360,"2024-01-10 16:38:56",1,0
4425007,9254359,"2024-01-10 16:39:36",1,0
4425007,9254361,"2024-01-10 17:06:34",3,0
4431223,9266190,"2024-01-10 17:06:49",1,0
4425007,9254362,"2024-01-10 18:46:21",1,0
4425007,9254365,"2024-01-10 18:47:01",1,0
4427667,9259623,"2024-01-10 18:51:34",6,0
4427667,9259615,"2024-01-10 18:52:00",1,0
4427667,9259636,"2024-01-10 18:52:21",1,0
4427667,9259614,"2024-01-10 18:53:08",1,0
4427667,9259611,"2024-01-10 18:53:45",4,0
4427667,9259618,"2024-01-10 18:53:48",1,0
4427667,9259613,"2024-01-10 18:54:39",1,0
4427667,9259631,"2024-01-10 18:56:22",1,0
4427667,9259632,"2024-01-10 18:56:37",1,0
4427667,9259634,"2024-01-10 18:57:24",1,0
4427667,9259610,"2024-01-10 18:58:50",2,0
4427667,9259635,"2024-01-10 18:58:54",2,0
4427667,9259628,"2024-01-10 18:59:23",1,0
4427667,9259622,"2024-01-10 19:07:31",3,0
4427667,9259620,"2024-01-10 20:41:22",1,0
4427667,9259630,"2024-01-10 20:41:58",1,0
4429757,9263663,"2024-01-11 12:31:47",2,0
4429757,9263664,"2024-01-11 12:31:50",1,0
4429983,9264008,"2024-01-11 12:31:57",1,0
4429991,9264015,"2024-01-11 12:32:00",1,0
4429991,9264016,"2024-01-11 12:32:03",1,0
4430915,9265624,"2024-01-11 12:32:06",2,0
4431119,9266027,"2024-01-11 12:32:09",1,0
4431152,9266084,"2024-01-11 12:32:12",1,0
4431239,9266220,"2024-01-11 12:32:16",1,0
4431354,9266481,"2024-01-11 12:32:19",4,0
4431653,9267155,"2024-01-11 12:32:40",13,0
4431653,9267156,"2024-01-11 12:32:43",2,0
4431653,9267157,"2024-01-11 12:32:46",2,0
4431653,9267158,"2024-01-11 12:32:50",1,0
4431697,9267294,"2024-01-11 12:32:53",1,0
4431941,9267698,"2024-01-11 12:32:56",2,0
4431941,9267699,"2024-01-11 12:32:59",1,0
4431941,9267700,"2024-01-11 12:33:02",1,0
4432432,9268468,"2024-01-11 12:34:03",1,0
4432436,9268477,"2024-01-11 12:34:07",1,0
4432441,9268491,"2024-01-11 12:34:10",1,0
4432443,9268493,"2024-01-11 12:34:13",1,0
4432449,9268502,"2024-01-11 12:34:16",1,0
4432452,9268514,"2024-01-11 12:34:19",1,0
4432456,9268526,"2024-01-11 12:34:22",1,0
4432457,9268527,"2024-01-11 12:34:25",1,0
4432759,9269146,"2024-01-11 12:34:28",1,0
4432759,9269147,"2024-01-11 12:34:31",1,0
4432834,9269261,"2024-01-11 12:34:34",1,0
4432834,9269262,"2024-01-11 12:34:37",1,0
4433044,9269646,"2024-01-11 12:35:13",1,0
4432449,9268501,"2024-01-11 12:35:38",1,0
4433314,9270108,"2024-01-11 13:06:52",1,0
4433548,9270627,"2024-01-11 15:02:01",1,0
4432736,9269102,"2024-01-11 16:43:04",2,0
4434419,9272232,"2024-01-11 16:47:57",1,0
4429770,9263681,"2024-01-11 16:58:38",3,0
4432758,9269145,"2024-01-11 17:12:25",2,0
4432711,9269046,"2024-01-11 17:13:14",1,0
4432711,9269047,"2024-01-11 17:18:22",1,0
4432711,9269045,"2024-01-11 17:18:53",6,4
4432727,9269077,"2024-01-11 17:19:53",1,0
4433322,9270116,"2024-01-11 17:20:18",1,0
4433325,9270133,"2024-01-11 17:20:33",1,0
4432968,9269516,"2024-01-11 17:24:23",2,0
4433039,9269641,"2024-01-11 17:25:45",1,0
4432711,9269048,"2024-01-11 17:27:52",1,0
4432968,9269517,"2024-01-11 17:31:19",1,0
4432727,9269076,"2024-01-11 17:34:56",7,0
4433391,9270359,"2024-01-11 18:22:23",1,0
4433391,9270358,"2024-01-11 18:36:36",1,0
4433325,9270131,"2024-01-11 18:38:40",2,0
4433039,9269640,"2024-01-11 18:43:18",1,0
4432727,9269075,"2024-01-11 18:48:27",8,3
4432968,9269515,"2024-01-11 18:56:57",1,0
4433013,9269592,"2024-01-11 19:02:10",3,0
4433325,9270132,"2024-01-11 19:55:32",1,0
4433325,9270130,"2024-01-11 19:56:30",2,0
4433039,9269639,"2024-01-11 20:43:42",2,0
4433307,9270099,"2024-01-11 21:00:54",5,0
4433307,9270101,"2024-01-11 21:03:52",1,0
4433562,9270666,"2024-01-11 21:13:22",1,0
4433307,9270102,"2024-01-11 21:28:33",1,0
4433307,9270097,"2024-01-11 21:37:43",1,0
4434789,9273032,"2024-01-11 21:41:28",1,0
4434789,9273040,"2024-01-11 21:41:53",1,0
4433548,9270628,"2024-01-11 21:48:26",2,0
4433307,9270098,"2024-01-11 21:50:15",1,0
4435081,9273722,"2024-01-12 09:47:22",1,0
4435081,9273723,"2024-01-12 09:51:45",1,0
4435081,9273724,"2024-01-12 09:57:51",1,0
4435081,9273725,"2024-01-12 09:58:39",1,0
4434789,9273039,"2024-01-12 10:02:06",1,0
4435081,9273728,"2024-01-12 10:09:04",1,0
4429795,9263729,"2024-01-12 10:22:54",2,0
4429795,9263730,"2024-01-12 10:24:19",1,0
4431169,9266118,"2024-01-12 10:24:23",1,0
4433403,9270393,"2024-01-12 10:26:03",2,0
4431169,9266119,"2024-01-12 10:27:37",1,0
4433408,9270416,"2024-01-12 10:30:50",1,0
4433408,9270413,"2024-01-12 10:32:12",1,0
4432742,9269117,"2024-01-12 10:34:09",1,0
4432742,9269116,"2024-01-12 10:35:20",1,0
4435081,9273727,"2024-01-12 10:35:57",1,0
4433408,9270414,"2024-01-12 10:36:12",1,0
4433408,9270419,"2024-01-12 10:37:00",1,0
4432742,9269115,"2024-01-12 10:40:26",2,0
4433403,9270392,"2024-01-12 10:41:37",1,0
4433352,9270232,"2024-01-12 10:43:44",1,0
4433408,9270418,"2024-01-12 10:43:47",1,0
4433403,9270394,"2024-01-12 10:44:02",1,0
4435081,9273731,"2024-01-12 10:47:51",2,0
4433408,9270420,"2024-01-12 10:48:05",1,0
4433352,9270227,"2024-01-12 10:49:17",2,0
4434789,9273033,"2024-01-12 11:03:51",1,0
4434789,9273037,"2024-01-12 11:03:55",1,0
4434789,9273043,"2024-01-12 11:04:09",1,0
4433352,9270228,"2024-01-12 11:05:21",2,0
4434789,9273041,"2024-01-12 11:05:35",1,0
4433408,9270415,"2024-01-12 11:30:18",1,0
4434789,9273035,"2024-01-12 11:30:21",2,0
4433352,9270230,"2024-01-12 11:30:36",1,0
4433408,9270417,"2024-01-12 11:30:39",1,0
4433352,9270229,"2024-01-12 11:30:54",2,0
4436315,9275964,"2024-01-12 12:11:40",1,0
4436315,9275962,"2024-01-12 12:13:28",1,0
4435081,9273726,"2024-01-12 12:47:43",7,0
4436437,9276246,"2024-01-12 13:26:46",1,0
4436438,9276247,"2024-01-12 13:27:01",1,0
4436440,9276249,"2024-01-12 13:27:50",2,0
4436436,9276245,"2024-01-12 13:28:55",1,0
4437050,9277313,"2024-01-12 15:48:37",1,0
4437048,9277311,"2024-01-12 15:49:15",4,0
4437049,9277312,"2024-01-12 15:50:14",1,0
4437063,9277333,"2024-01-12 16:17:39",1,0
4437061,9277331,"2024-01-12 16:17:54",1,0
4437064,9277334,"2024-01-12 16:18:09",1,0
4436916,9277030,"2024-01-12 16:37:15",4,0
4436916,9277029,"2024-01-12 16:38:38",4,0
4436916,9277028,"2024-01-12 16:40:23",7,0
4431119,9266029,"2024-01-12 17:20:46",2,0
4436916,9277027,"2024-01-12 17:22:35",0,6
4429757,9263665,"2024-01-12 18:50:36",1,0
4433326,9270138,"2024-01-12 18:52:07",1,0
4433326,9270141,"2024-01-12 19:06:48",1,0
4433326,9270140,"2024-01-12 19:07:13",2,0
4433328,9270149,"2024-01-12 19:08:00",1,0
4433326,9270139,"2024-01-12 19:10:42",1,0
4433328,9270150,"2024-01-12 19:10:56",1,0
4433334,9270165,"2024-01-12 19:10:59",1,0
4433337,9270183,"2024-01-12 19:11:14",1,0
4433334,9270166,"2024-01-12 19:11:28",1,0
4433337,9270184,"2024-01-12 19:11:46",1,0
4433328,9270151,"2024-01-12 19:16:34",3,0
4437821,9278667,"2024-01-12 19:18:43",2,0
4437822,9278668,"2024-01-12 19:18:57",1,0
4433337,9270180,"2024-01-12 19:22:42",6,0
4434789,9273042,"2024-01-12 19:22:56",1,0
4433337,9270178,"2024-01-12 19:23:32",2,0
4434789,9273034,"2024-01-12 19:24:13",1,0
4433334,9270167,"2024-01-12 19:26:06",1,0
4433337,9270182,"2024-01-12 19:27:26",2,0
4434789,9273036,"2024-01-12 19:27:40",1,0
4434789,9273038,"2024-01-12 19:28:08",1,0
4435275,9274061,"2024-01-12 19:33:45",1,0
4431119,9266028,"2024-01-12 19:56:20",2,0
4433346,9270209,"2024-01-12 20:13:36",2,0
4433337,9270181,"2024-01-12 20:23:33",1,0
4433337,9270179,"2024-01-12 20:24:20",1,0
4433346,9270206,"2024-01-12 20:26:27",1,0
4433346,9270203,"2024-01-12 20:29:36",1,0
4433346,9270204,"2024-01-12 20:34:01",2,0
4433346,9270205,"2024-01-12 20:34:39",1,0
4433346,9270208,"2024-01-12 20:35:41",1,0
4433548,9270629,"2024-01-12 20:36:28",1,0
4433346,9270207,"2024-01-12 20:41:40",1,0
4436916,9277031,"2024-01-12 20:44:20",1,0
4433346,9270210,"2024-01-12 20:50:33",1,0
4433346,9270211,"2024-01-12 20:52:58",1,0
4433408,9270412,"2024-01-12 21:00:26",1,0
4436916,9277032,"2024-01-12 21:26:59",1,0
4436315,9275963,"2024-01-15 10:27:20",1,0
4435156,9273837,"2024-01-15 10:27:51",1,0
4429770,9263682,"2024-01-15 10:28:13",6,0
4437788,9278642,"2024-01-15 10:28:44",2,9
4427667,9259627,"2024-01-15 10:29:01",1,0
4436439,9276248,"2024-01-15 10:29:19",1,0
4432742,9269114,"2024-01-15 10:30:38",2,2
4405143,9217500,"2024-01-15 10:55:50",1,0
4438328,9279632,"2024-01-15 12:20:17",7,3
4438328,9279634,"2024-01-15 12:20:21",2,0
4438328,9279635,"2024-01-15 12:20:24",2,0
4438328,9279636,"2024-01-15 12:20:27",1,0
4438328,9279637,"2024-01-15 12:20:30",1,0
4438328,9279639,"2024-01-15 12:20:33",1,0
4438328,9279640,"2024-01-15 12:20:36",1,0
4438328,9279641,"2024-01-15 12:20:39",1,0
4438328,9279642,"2024-01-15 12:20:42",1,0
4438328,9279645,"2024-01-15 12:20:45",1,0
4438328,9279647,"2024-01-15 12:20:51",1,3
4438328,9279648,"2024-01-15 12:20:54",1,0
4438328,9279649,"2024-01-15 12:20:57",8,0
4438328,9279650,"2024-01-15 12:21:00",1,0
4438328,9279651,"2024-01-15 12:21:03",1,0
4438328,9279653,"2024-01-15 12:21:09",1,0
4438328,9279654,"2024-01-15 12:21:12",1,0
4438328,9279655,"2024-01-15 12:21:15",1,0
4438328,9279656,"2024-01-15 12:21:18",1,0
4438328,9279657,"2024-01-15 12:21:21",1,0
4438331,9279679,"2024-01-15 12:21:24",1,0
4438331,9279680,"2024-01-15 12:21:28",5,0
4438331,9279681,"2024-01-15 12:21:31",5,0
4438331,9279682,"2024-01-15 12:21:34",1,0
4438331,9279683,"2024-01-15 12:21:37",1,0
4438331,9279684,"2024-01-15 12:21:39",1,0
4438331,9279685,"2024-01-15 12:21:42",1,0
4438331,9279686,"2024-01-15 12:21:45",1,0
4438331,9279687,"2024-01-15 12:21:48",1,0
4438331,9279688,"2024-01-15 12:21:51",1,0
4438331,9279689,"2024-01-15 12:21:54",2,0
4438331,9279690,"2024-01-15 12:21:57",1,0
4438340,9279722,"2024-01-15 12:22:00",1,0
4438340,9279724,"2024-01-15 12:22:03",1,0
4438340,9279725,"2024-01-15 12:22:06",1,0
4438957,9281070,"2024-01-15 12:23:51",1,0
4439428,9281823,"2024-01-15 12:23:54",1,0
4438328,9279643,"2024-01-15 12:56:40",4,0
4439712,9282425,"2024-01-15 13:09:24",1,0
4438328,9279631,"2024-01-15 14:58:49",1,0
4438328,9279633,"2024-01-15 15:03:59",1,0
4440254,9283361,"2024-01-15 15:18:40",2,0
4438328,9279638,"2024-01-15 15:40:59",1,0
4439549,9282086,"2024-01-15 16:45:19",1,0
4439549,9282080,"2024-01-15 16:46:20",1,0
4439549,9282081,"2024-01-15 16:46:46",1,6
4438328,9279646,"2024-01-15 16:58:57",2,0
4439549,9282083,"2024-01-15 17:03:21",2,3
4439549,9282082,"2024-01-15 17:03:47",1,7
4439755,9282514,"2024-01-15 17:04:36",1,0
4439549,9282084,"2024-01-15 17:04:50",4,3
4439549,9282087,"2024-01-15 17:08:07",1,0
4439549,9282090,"2024-01-15 17:13:57",2,2
4438340,9279723,"2024-01-15 17:22:33",1,0
4441328,9285294,"2024-01-16 10:53:02",2,0
4441328,9285295,"2024-01-16 10:53:05",1,0
4441328,9285296,"2024-01-16 10:53:08",3,0
4441328,9285298,"2024-01-16 10:53:15",3,1
4441328,9285299,"2024-01-16 10:53:18",1,0
4441328,9285300,"2024-01-16 10:53:21",2,0
4441328,9285301,"2024-01-16 10:53:24",1,0
4441332,9285327,"2024-01-16 10:53:28",1,2
4441332,9285328,"2024-01-16 10:53:31",1,0
4441464,9285529,"2024-01-16 10:53:34",1,0
4441464,9285530,"2024-01-16 10:53:37",1,0
4441464,9285531,"2024-01-16 10:53:41",2,0
4441464,9285537,"2024-01-16 10:53:47",1,0
4441464,9285540,"2024-01-16 10:53:50",6,0
4441464,9285544,"2024-01-16 10:53:53",1,0
4441464,9285547,"2024-01-16 10:53:56",2,0
4441464,9285560,"2024-01-16 10:53:59",1,0
4441464,9285562,"2024-01-16 10:54:02",1,0
4441464,9285563,"2024-01-16 10:54:05",1,0
4441464,9285564,"2024-01-16 10:54:09",1,0
4441464,9285567,"2024-01-16 10:54:12",1,0
4443086,9289169,"2024-01-16 10:54:18",1,0
4443090,9289182,"2024-01-16 10:54:22",1,0
4443269,9289492,"2024-01-16 10:54:25",1,0
4443891,9290782,"2024-01-16 10:58:18",4,0
4443891,9290783,"2024-01-16 11:02:23",2,0
4443891,9290784,"2024-01-16 11:03:24",1,0
4443869,9290740,"2024-01-16 11:05:22",1,0
4443866,9290727,"2024-01-16 11:05:48",1,0
4443583,9290193,"2024-01-16 11:12:24",1,0
4443583,9290195,"2024-01-16 11:14:22",1,0
4443583,9290192,"2024-01-16 11:14:37",1,0
4443963,9291043,"2024-01-16 12:23:32",2,0
4443963,9291045,"2024-01-16 12:25:06",3,0
4443939,9291000,"2024-01-16 12:26:17",1,0
4443946,9291020,"2024-01-16 12:26:31",1,0
4443943,9291016,"2024-01-16 12:26:46",1,0
4443939,9291002,"2024-01-16 12:27:00",1,0
4443939,9291004,"2024-01-16 12:27:14",1,0
4443939,9291008,"2024-01-16 12:27:29",1,0
4443939,9291006,"2024-01-16 12:29:16",1,0
4444660,9292322,"2024-01-16 13:02:45",1,0
4444655,9292311,"2024-01-16 13:41:35",1,0
4441464,9285558,"2024-01-16 15:10:14",0,2
4439772,9282540,"2024-01-16 16:44:14",1,0
4445856,9294362,"2024-01-16 16:50:50",1,0
4441464,9285515,"2024-01-16 16:52:12",1,0
4445865,9294376,"2024-01-16 16:55:10",2,0
4445863,9294374,"2024-01-16 16:55:25",1,0
4445863,9294373,"2024-01-16 16:55:51",1,0
4444660,9292320,"2024-01-16 16:56:05",1,0
4441328,9285302,"2024-01-16 16:56:54",2,2
4441464,9285521,"2024-01-16 17:06:54",1,2
4441464,9285526,"2024-01-16 17:12:32",2,0
4441464,9285524,"2024-01-16 17:12:52",1,0
4441464,9285532,"2024-01-16 17:12:55",1,0
4441464,9285527,"2024-01-16 17:13:33",1,0
4441464,9285556,"2024-01-16 17:13:36",1,0
4441464,9285520,"2024-01-16 17:13:51",1,0
4441464,9285535,"2024-01-16 17:14:18",1,0
4441464,9285517,"2024-01-16 17:16:45",1,0
4441464,9285566,"2024-01-16 17:18:43",1,0
4441464,9285552,"2024-01-16 17:18:58",1,0
4441464,9285533,"2024-01-16 17:19:22",5,0
4441464,9285565,"2024-01-16 17:19:26",1,0
4441464,9285523,"2024-01-16 17:20:15",1,1
4441464,9285550,"2024-01-16 17:21:44",1,0
4441464,9285519,"2024-01-16 17:23:37",1,0
4441464,9285525,"2024-01-16 17:25:00",2,0
4444038,9291143,"2024-01-16 17:25:21",1,0
4444289,9291602,"2024-01-17 12:32:12",8,0
4444289,9291603,"2024-01-17 12:32:15",2,0
4444289,9291606,"2024-01-17 12:32:19",1,0
4444289,9291607,"2024-01-17 12:32:22",1,0
4444289,9291608,"2024-01-17 12:32:25",1,0
4444289,9291610,"2024-01-17 12:32:28",2,0
4444289,9291611,"2024-01-17 12:32:31",1,0
4444289,9291613,"2024-01-17 12:32:35",1,0
4444289,9291615,"2024-01-17 12:32:38",4,0
4444289,9291618,"2024-01-17 12:32:41",1,0
4444289,9291621,"2024-01-17 12:32:44",2,2
4444289,9291622,"2024-01-17 12:32:48",1,0
4444289,9291623,"2024-01-17 12:32:51",1,0
4444289,9291625,"2024-01-17 12:32:54",2,0
4444289,9291626,"2024-01-17 12:32:57",1,0
4444289,9291628,"2024-01-17 12:33:00",1,0
4444289,9291629,"2024-01-17 12:33:04",1,3
4444289,9291631,"2024-01-17 12:33:07",1,0
4444289,9291632,"2024-01-17 12:33:10",1,0
4444289,9291633,"2024-01-17 12:33:13",1,0
4444289,9291634,"2024-01-17 12:33:16",1,0
4444289,9291635,"2024-01-17 12:33:19",1,1
4444289,9291636,"2024-01-17 12:33:22",2,0
4444289,9291637,"2024-01-17 12:33:25",1,2
4444289,9291638,"2024-01-17 12:33:28",2,4
4444289,9291639,"2024-01-17 12:33:31",0,1
4444289,9291640,"2024-01-17 12:33:35",2,0
4444289,9291641,"2024-01-17 12:33:38",1,0
4444289,9291642,"2024-01-17 12:33:41",1,0
4444289,9291643,"2024-01-17 12:33:44",3,0
4444289,9291644,"2024-01-17 12:33:47",1,0
4444289,9291645,"2024-01-17 12:33:50",2,0
4448200,9298405,"2024-01-17 12:35:11",1,0
4448200,9298406,"2024-01-17 12:35:14",1,0
4448200,9298407,"2024-01-17 12:35:17",1,0
4448200,9298409,"2024-01-17 12:35:21",1,0
4448864,9299785,"2024-01-17 16:04:37",5,0
4448861,9299779,"2024-01-17 16:06:35",1,0
4448861,9299778,"2024-01-17 16:07:24",1,0
4449919,9301580,"2024-01-17 16:08:12",1,0
4448871,9299801,"2024-01-17 16:08:55",1,0
4449443,9300692,"2024-01-17 16:09:09",1,13
4448917,9299868,"2024-01-17 16:12:17",1,0
4448603,9299230,"2024-01-17 16:13:06",4,0
4448890,9299825,"2024-01-17 16:14:40",2,0
4448915,9299864,"2024-01-17 16:17:04",1,0
4448910,9299854,"2024-01-17 16:19:15",1,0
4448915,9299865,"2024-01-17 16:19:18",1,0
4448895,9299834,"2024-01-17 16:21:15",1,0
4448917,9299869,"2024-01-17 16:21:47",1,0
4448603,9299229,"2024-01-17 16:22:51",4,3
4448871,9299802,"2024-01-17 16:24:03",1,0
4448874,9299808,"2024-01-17 16:24:06",1,0
4448895,9299833,"2024-01-17 16:24:32",1,1
4448870,9299800,"2024-01-17 16:25:24",1,0
4448864,9299784,"2024-01-17 16:28:40",2,1
4448879,9299814,"2024-01-17 16:31:55",5,6
4449875,9301508,"2024-01-17 16:40:30",1,0
4450156,9302088,"2024-01-17 16:40:56",1,0
4449952,9301643,"2024-01-17 16:53:04",1,0
4449952,9301644,"2024-01-17 16:53:19",1,0
4449604,9301000,"2024-01-17 17:10:40",1,0
4450429,9302621,"2024-01-17 17:29:29",1,0
4450429,9302622,"2024-01-17 17:29:54",1,0
4450429,9302623,"2024-01-17 17:30:20",1,0
4448915,9299863,"2024-01-17 17:33:35",7,0
4438328,9279644,"2024-01-18 10:15:25",1,0
4441464,9285534,"2024-01-18 11:32:32",1,0
4449464,9300732,"2024-01-18 11:59:23",1,0
4449464,9300733,"2024-01-18 11:59:26",1,0
4449464,9300734,"2024-01-18 11:59:29",2,1
4449637,9301047,"2024-01-18 11:59:32",1,1
4449637,9301048,"2024-01-18 11:59:35",2,0
4449637,9301049,"2024-01-18 11:59:39",3,0
4449637,9301050,"2024-01-18 11:59:42",12,1
4449637,9301051,"2024-01-18 11:59:45",1,2
4449637,9301052,"2024-01-18 11:59:49",1,1
4449649,9301078,"2024-01-18 11:59:52",1,0
4449649,9301079,"2024-01-18 11:59:55",4,0
4449649,9301080,"2024-01-18 11:59:58",1,0
4449649,9301081,"2024-01-18 12:00:01",1,0
4449649,9301082,"2024-01-18 12:00:05",1,0
4449649,9301083,"2024-01-18 12:00:08",1,0
4449649,9301084,"2024-01-18 12:00:11",1,0
4449649,9301085,"2024-01-18 12:00:14",2,0
4449884,9301520,"2024-01-18 12:00:20",1,0
4449884,9301523,"2024-01-18 12:00:24",2,1
4449884,9301524,"2024-01-18 12:00:27",10,0
4450161,9302095,"2024-01-18 12:00:30",2,0
4450161,9302096,"2024-01-18 12:00:33",1,0
4450163,9302101,"2024-01-18 12:00:36",1,0
4450204,9302175,"2024-01-18 12:00:39",2,0
4450204,9302176,"2024-01-18 12:00:42",1,0
4450219,9302191,"2024-01-18 12:00:45",1,0
4450522,9302763,"2024-01-18 12:00:51",1,0
4450522,9302764,"2024-01-18 12:00:54",2,0
4450522,9302765,"2024-01-18 12:00:57",3,0
4450551,9302817,"2024-01-18 12:01:01",1,0
4450994,9303670,"2024-01-18 12:01:04",4,0
4450994,9303671,"2024-01-18 12:01:07",4,0
4450994,9303672,"2024-01-18 12:01:10",2,0
4450994,9303673,"2024-01-18 12:01:13",1,0
4450994,9303674,"2024-01-18 12:01:16",1,0
4451824,9305246,"2024-01-18 12:02:37",1,0
4451824,9305247,"2024-01-18 12:02:40",1,0
4451824,9305248,"2024-01-18 12:02:43",1,0
4451936,9305451,"2024-01-18 12:02:46",1,0
4452166,9305901,"2024-01-18 12:03:16",1,0
4450157,9302090,"2024-01-18 12:25:36",2,0
4452567,9306859,"2024-01-18 13:01:20",1,0
4452476,9306670,"2024-01-18 14:48:06",1,0
4452476,9306696,"2024-01-18 14:48:20",1,0
4452476,9306682,"2024-01-18 15:00:54",1,0
4452476,9306697,"2024-01-18 15:05:55",1,0
4452476,9306668,"2024-01-18 15:06:10",3,0
4452476,9306704,"2024-01-18 15:07:55",1,0
4452476,9306717,"2024-01-18 15:11:02",1,0
4452476,9306692,"2024-01-18 15:11:28",1,0
4453053,9307661,"2024-01-18 15:11:32",1,0
4453053,9307663,"2024-01-18 15:11:58",1,0
4452476,9306703,"2024-01-18 15:12:25",1,0
4452476,9306676,"2024-01-18 15:12:39",1,0
4452476,9306730,"2024-01-18 15:14:05",1,0
4452476,9306733,"2024-01-18 15:14:08",1,0
4452476,9306732,"2024-01-18 15:14:24",1,0
4452476,9306685,"2024-01-18 15:14:50",1,0
4452476,9306710,"2024-01-18 15:14:53",1,0
4452476,9306715,"2024-01-18 15:15:19",1,0
4452476,9306726,"2024-01-18 15:15:57",1,0
4452476,9306674,"2024-01-18 15:17:44",1,0
4452476,9306680,"2024-01-18 15:23:42",1,0
4452476,9306727,"2024-01-18 15:25:39",1,0
4452476,9306718,"2024-01-18 15:26:40",1,0
4452476,9306731,"2024-01-18 15:28:03",1,0
4452476,9306677,"2024-01-18 15:50:27",1,0
4452476,9306725,"2024-01-18 16:02:38",1,0
4452476,9306667,"2024-01-18 16:14:38",1,0
4452476,9306687,"2024-01-18 16:15:27",1,0
4452476,9306689,"2024-01-18 16:15:30",1,0
4452476,9306678,"2024-01-18 16:16:58",1,0
4452476,9306699,"2024-01-18 16:19:50",1,0
4452476,9306708,"2024-01-18 16:21:19",1,0
4452476,9306701,"2024-01-18 16:23:01",1,0
4452476,9306684,"2024-01-18 16:23:23",1,0
4452476,9306695,"2024-01-18 16:23:27",1,0
4452476,9306672,"2024-01-18 16:23:41",1,0
4452476,9306728,"2024-01-18 16:25:45",1,0
4452476,9306688,"2024-01-18 16:27:34",1,0
4452476,9306722,"2024-01-18 16:30:58",1,0
4452476,9306737,"2024-01-18 16:31:58",1,0
4452476,9306735,"2024-01-18 16:34:49",1,0
4452476,9306738,"2024-01-18 16:34:52",1,0
4452472,9306531,"2024-01-18 16:35:07",1,0
4452476,9306707,"2024-01-18 16:35:10",1,0
4452472,9306516,"2024-01-18 16:35:53",1,0
4452472,9306514,"2024-01-18 16:36:07",1,0
4452472,9306523,"2024-01-18 16:36:59",1,0
4452472,9306518,"2024-01-18 16:39:12",1,0
4452476,9306679,"2024-01-18 16:39:27",2,0
4452476,9306711,"2024-01-18 16:39:30",1,0
4452472,9306521,"2024-01-18 16:39:45",1,0
4452476,9306724,"2024-01-18 16:47:36",1,0
4452472,9306530,"2024-01-18 16:49:56",1,0
4452472,9306532,"2024-01-18 16:58:53",1,0
4452476,9306723,"2024-01-18 17:00:39",3,0
4452476,9306686,"2024-01-18 17:04:37",3,0
4452476,9306720,"2024-01-18 17:04:41",2,0
4452476,9306706,"2024-01-18 17:19:38",3,0
4454166,9309666,"2024-01-18 17:20:44",1,0
4450858,9303461,"2024-01-19 10:36:32",1,0
4452472,9306522,"2024-01-19 10:36:35",1,0
4452476,9306714,"2024-01-19 10:36:39",2,0
4454493,9310411,"2024-01-19 10:36:55",2,0
4454493,9310412,"2024-01-19 10:36:58",1,0
4454493,9310413,"2024-01-19 10:37:01",1,0
4454495,9310415,"2024-01-19 10:37:04",1,0
4454495,9310416,"2024-01-19 10:37:07",1,0
4454495,9310417,"2024-01-19 10:37:10",1,0
4450858,9303462,"2024-01-19 10:44:23",1,0
4451671,9304933,"2024-01-19 10:52:06",5,0
4452476,9306673,"2024-01-19 10:52:31",1,0
4451671,9304932,"2024-01-19 10:52:46",2,0
4452476,9306712,"2024-01-19 10:53:12",1,0
4451671,9304928,"2024-01-19 10:53:26",1,0
4452476,9306702,"2024-01-19 10:53:55",1,0
4450862,9303468,"2024-01-19 10:55:24",2,0
4451719,9305038,"2024-01-19 10:55:39",1,0
4453140,9307831,"2024-01-19 10:57:16",1,0
4451671,9304936,"2024-01-19 10:57:30",2,0
4451700,9305004,"2024-01-19 10:57:34",1,0
4452476,9306683,"2024-01-19 10:57:37",1,0
4452476,9306719,"2024-01-19 10:57:51",1,0
4452476,9306691,"2024-01-19 10:58:17",1,0
4452476,9306700,"2024-01-19 10:58:32",1,0
4452472,9306524,"2024-01-19 10:59:52",1,0
4452476,9306705,"2024-01-19 10:59:55",1,0
4452476,9306709,"2024-01-19 11:00:13",1,0
4454242,9309823,"2024-01-19 11:00:17",1,0
4452476,9306681,"2024-01-19 11:03:59",1,0
4452476,9306671,"2024-01-19 11:04:14",1,0
4452472,9306515,"2024-01-19 11:04:48",1,0
4451671,9304929,"2024-01-19 11:05:02",3,0
4452472,9306526,"2024-01-19 11:05:05",1,0
4452472,9306528,"2024-01-19 11:05:09",1,0
4452476,9306669,"2024-01-19 11:05:12",1,0
4452476,9306694,"2024-01-19 11:05:26",1,0
4452476,9306721,"2024-01-19 11:05:29",1,0
4453058,9307684,"2024-01-19 11:05:32",1,0
4454169,9309678,"2024-01-19 11:05:35",1,0
4452476,9306713,"2024-01-19 11:06:12",1,0
4453140,9307838,"2024-01-19 11:06:27",2,0
4452476,9306736,"2024-01-19 11:07:10",1,0
4452476,9306729,"2024-01-19 11:07:25",1,0
4452476,9306675,"2024-01-19 11:08:01",1,0
4453058,9307683,"2024-01-19 11:08:04",1,0
4452472,9306529,"2024-01-19 11:08:19",1,0
4452472,9306525,"2024-01-19 11:08:36",1,0
4451700,9305001,"2024-01-19 11:09:01",1,0
4453140,9307835,"2024-01-19 11:09:18",1,0
4451719,9305037,"2024-01-19 11:11:59",1,0
4451671,9304927,"2024-01-19 11:18:25",1,0
4452472,9306517,"2024-01-19 11:18:28",1,0
4452472,9306527,"2024-01-19 11:19:39",1,0
4451719,9305036,"2024-01-19 11:27:01",9,7
4452472,9306519,"2024-01-19 11:30:32",1,0
4454043,9309479,"2024-01-19 11:33:37",1,0
4455904,9312957,"2024-01-19 12:44:33",1,0
4455904,9312958,"2024-01-19 12:44:48",1,0
4455905,9312960,"2024-01-19 13:01:56",2,0
4451714,9305027,"2024-01-19 14:09:55",9,0
4455905,9312959,"2024-01-19 14:15:18",1,0
4453648,9308790,"2024-01-19 14:19:12",1,0
4451700,9305002,"2024-01-19 14:19:38",3,0
4455905,9312961,"2024-01-19 14:20:37",1,0
4455905,9312962,"2024-01-19 14:36:59",2,0
4454649,9310651,"2024-01-19 14:39:07",1,0
4454649,9310650,"2024-01-19 14:40:29",1,0
4455905,9312963,"2024-01-19 14:49:25",3,0
4450862,9303469,"2024-01-19 14:54:45",1,0
4451700,9305003,"2024-01-19 14:56:41",1,0
4452476,9306693,"2024-01-19 14:57:07",1,0
4455368,9312028,"2024-01-19 14:57:32",1,0
4452476,9306734,"2024-01-19 15:01:10",1,0
4454649,9310652,"2024-01-19 15:02:36",1,0
4453140,9307841,"2024-01-19 15:03:14",1,0
4452476,9306716,"2024-01-19 15:09:02",1,0
4455905,9312964,"2024-01-19 15:23:05",5,0
4451700,9305000,"2024-01-19 15:36:40",1,0
4455905,9312965,"2024-01-19 15:43:52",3,0
4446926,9296197,"2024-01-19 16:41:09",1,4
4450943,9303595,"2024-01-19 16:41:11",0,4
4453626,9308759,"2024-01-19 16:41:14",1,4
4453747,9308972,"2024-01-19 16:41:16",0,1
4454644,9310645,"2024-01-19 16:41:19",1,3
4454873,9311001,"2024-01-19 16:41:21",0,20
4456553,9314025,"2024-01-19 16:41:32",1,0
4456553,9314024,"2024-01-19 16:43:29",1,0
4456553,9314026,"2024-01-19 16:47:10",1,0
4457021,9314811,"2024-01-19 17:10:32",1,0
4457031,9314829,"2024-01-19 17:14:24",1,0
4457031,9314830,"2024-01-19 17:14:39",1,0
4457031,9314827,"2024-01-19 17:14:53",1,0
4457031,9314828,"2024-01-19 17:15:07",1,0
4456553,9314023,"2024-01-19 17:17:27",1,0
4457745,9315816,"2024-01-22 08:06:24",2,0
4457748,9315848,"2024-01-22 08:54:38",1,0
4457753,9315892,"2024-01-22 08:56:30",1,0
4457748,9315845,"2024-01-22 09:00:14",1,0
4457748,9315847,"2024-01-22 09:01:59",1,0
4457748,9315838,"2024-01-22 09:03:13",3,0
4457748,9315839,"2024-01-22 09:09:43",1,0
4457748,9315840,"2024-01-22 09:10:20",1,0
4457748,9315836,"2024-01-22 09:16:40",1,0
4457748,9315846,"2024-01-22 09:25:00",1,0
4457748,9315837,"2024-01-22 09:26:37",1,0
4457748,9315841,"2024-01-22 09:27:25",1,0
4457748,9315844,"2024-01-22 09:28:25",1,0
4457748,9315843,"2024-01-22 09:37:11",2,0
4457748,9315842,"2024-01-22 09:37:48",1,0
4457748,9315835,"2024-01-22 09:46:12",3,0
4457753,9315888,"2024-01-22 09:46:50",1,0
4458403,9317258,"2024-01-22 09:52:10",2,0
4458393,9317238,"2024-01-22 09:52:47",1,0
4458412,9317272,"2024-01-22 09:56:37",4,0
4458389,9317233,"2024-01-22 09:57:14",1,0
4457753,9315891,"2024-01-22 10:14:10",1,0
4457753,9315887,"2024-01-22 10:17:15",2,0
4457753,9315896,"2024-01-22 10:18:27",5,0
4458539,9317505,"2024-01-22 10:19:26",1,0
4458539,9317506,"2024-01-22 10:20:27",1,0
4457753,9315881,"2024-01-22 10:26:38",3,0
4457753,9315875,"2024-01-22 10:29:20",2,0
4457753,9315886,"2024-01-22 10:35:15",2,0
4457753,9315900,"2024-01-22 10:37:11",3,0
4457753,9315898,"2024-01-22 10:39:00",1,0
4457753,9315883,"2024-01-22 10:40:41",1,0
4457753,9315895,"2024-01-22 10:41:07",1,0
4457753,9315882,"2024-01-22 10:41:56",1,0
4457753,9315897,"2024-01-22 10:46:59",1,0
4458995,9318395,"2024-01-22 10:48:43",1,0
4457753,9315876,"2024-01-22 10:52:03",2,0
4457753,9315880,"2024-01-22 10:53:59",2,0
4457753,9315894,"2024-01-22 10:59:40",2,2
4457753,9315879,"2024-01-22 11:05:52",1,1
4457753,9315899,"2024-01-22 11:25:59",1,2
4457753,9315893,"2024-01-22 11:26:20",2,1
4457753,9315890,"2024-01-22 11:27:25",2,2
4458158,9316741,"2024-01-22 12:19:56",1,0
4457753,9315878,"2024-01-22 12:27:35",6,0
4457753,9315885,"2024-01-22 12:35:35",5,0
4458453,9317365,"2024-01-22 12:37:21",1,0
4458457,9317371,"2024-01-22 12:37:36",1,0
4458459,9317374,"2024-01-22 12:37:50",1,0
4458462,9317378,"2024-01-22 12:38:04",1,0
4458469,9317390,"2024-01-22 12:38:52",2,0
4458446,9317358,"2024-01-22 12:40:03",1,0
4458447,9317359,"2024-01-22 12:40:17",1,0
4458455,9317367,"2024-01-22 12:40:32",1,0
4458454,9317366,"2024-01-22 12:40:46",1,0
4458488,9317427,"2024-01-22 12:42:57",4,0
4460297,9320808,"2024-01-22 14:43:57",1,0
4459814,9320014,"2024-01-22 15:04:14",1,0
4457753,9315877,"2024-01-22 15:08:40",3,0
4458711,9317865,"2024-01-22 15:09:29",1,0
4458803,9318072,"2024-01-22 15:09:32",1,0
4457753,9315884,"2024-01-22 15:17:13",5,0
4459856,9320094,"2024-01-22 15:24:19",1,0
4459814,9320015,"2024-01-22 15:27:42",1,0
4459856,9320087,"2024-01-22 15:34:15",1,0
4459856,9320092,"2024-01-22 15:42:26",1,1
4459856,9320083,"2024-01-22 15:43:04",3,0
4459814,9320013,"2024-01-22 15:45:59",2,0
4459856,9320088,"2024-01-22 15:46:19",2,0
4459856,9320093,"2024-01-22 16:00:07",4,1
4459856,9320090,"2024-01-22 16:00:33",4,0
4459856,9320089,"2024-01-22 16:01:00",4,0
4459856,9320091,"2024-01-22 16:03:59",2,2
4459887,9320135,"2024-01-22 16:44:19",4,0
4461547,9323205,"2024-01-22 17:01:03",1,0
4460627,9321346,"2024-01-22 17:15:00",1,0
4448910,9299853,"2024-01-23 09:02:03",1,0
4449868,9301480,"2024-01-23 09:02:17",1,0
4459888,9320136,"2024-01-23 11:29:01",2,0
4459888,9320137,"2024-01-23 11:29:05",4,0
4459888,9320138,"2024-01-23 11:29:09",4,0
4459888,9320139,"2024-01-23 11:29:13",1,0
4459888,9320140,"2024-01-23 11:29:16",2,0
4459888,9320141,"2024-01-23 11:29:20",6,2
4459930,9320256,"2024-01-23 11:29:23",4,0
4459936,9320263,"2024-01-23 11:29:26",1,0
4459936,9320264,"2024-01-23 11:29:30",2,0
4460335,9320865,"2024-01-23 11:29:33",1,0
4460335,9320868,"2024-01-23 11:29:37",2,0
4460335,9320870,"2024-01-23 11:29:40",3,1
4460335,9320871,"2024-01-23 11:29:43",2,0
4460335,9320872,"2024-01-23 11:29:47",1,0
4460925,9321936,"2024-01-23 11:29:50",2,0
4461428,9323000,"2024-01-23 11:29:53",3,1
4461428,9323001,"2024-01-23 11:29:56",1,0
4461428,9323002,"2024-01-23 11:30:00",3,3
4461925,9323949,"2024-01-23 11:30:03",1,0
4462978,9326208,"2024-01-23 11:30:15",1,0
4463425,9327020,"2024-01-23 11:31:37",1,0
4460335,9320867,"2024-01-23 12:41:32",2,2
4463918,9327979,"2024-01-23 12:44:24",1,0
4463392,9326864,"2024-01-23 12:45:59",1,0
4462941,9326155,"2024-01-23 12:51:34",1,0
4460319,9320837,"2024-01-23 14:51:37",2,0
4461925,9323947,"2024-01-23 14:52:52",1,0
4459938,9320268,"2024-01-23 15:03:14",1,0
4464452,9329021,"2024-01-23 15:20:02",3,0
4465124,9330239,"2024-01-23 15:24:42",1,0
4465120,9330235,"2024-01-23 15:27:03",1,0
4460326,9320856,"2024-01-23 15:28:50",1,0
4460282,9320770,"2024-01-23 15:32:58",4,0
4459938,9320271,"2024-01-23 15:34:51",3,0
4461925,9323945,"2024-01-23 15:40:02",1,0
4464983,9330042,"2024-01-23 15:40:39",1,0
4463918,9327980,"2024-01-23 15:42:59",1,0
4459938,9320269,"2024-01-23 15:44:00",2,0
4459938,9320270,"2024-01-23 15:46:31",1,0
4464983,9330043,"2024-01-23 15:50:14",1,0
4463938,9328038,"2024-01-23 15:51:25",3,0
4465297,9330723,"2024-01-23 16:29:50",1,0
4465272,9330574,"2024-01-23 16:30:05",1,0
4465259,9330537,"2024-01-23 16:30:21",1,0
4465276,9330591,"2024-01-23 16:30:58",2,0
4465252,9330528,"2024-01-23 16:31:59",1,0
4465268,9330567,"2024-01-23 16:32:36",1,0
4465270,9330569,"2024-01-23 16:32:51",1,0
4465261,9330539,"2024-01-23 16:33:05",1,0
4465249,9330518,"2024-01-23 16:33:21",1,0
4465263,9330556,"2024-01-23 16:33:35",1,0
4463938,9328039,"2024-01-23 16:37:29",3,2
4460282,9320780,"2024-01-23 17:00:22",3,0
4465939,9331784,"2024-01-23 17:01:05",3,0
4465936,9331771,"2024-01-23 17:02:05",1,0
4460282,9320776,"2024-01-23 17:07:05",5,0
4460282,9320771,"2024-01-23 17:42:59",3,3
4460925,9321933,"2024-01-23 18:20:50",2,0
4466225,9332328,"2024-01-23 20:38:58",1,0
4466277,9332414,"2024-01-23 20:46:03",1,0
4466225,9332327,"2024-01-23 20:49:03",1,0
4460319,9320836,"2024-01-23 21:13:55",4,0
4460319,9320840,"2024-01-23 21:15:48",1,2
4460319,9320839,"2024-01-23 21:17:41",1,0
4461428,9322999,"2024-01-23 21:19:34",1,0
4460319,9320838,"2024-01-23 21:22:25",1,0
4460319,9320841,"2024-01-23 21:25:13",2,0
4459750,9319807,"2024-01-24 08:50:04",1,0
4460623,9321342,"2024-01-24 08:50:07",0,1
4466437,9332829,"2024-01-24 08:55:30",3,0
4466435,9332827,"2024-01-24 08:55:56",1,0
4467120,9334211,"2024-01-24 09:49:48",1,0
4466181,9332244,"2024-01-24 09:51:31",1,0
4465383,9330863,"2024-01-24 09:54:04",1,0
4466181,9332246,"2024-01-24 09:56:11",0,10
4467120,9334210,"2024-01-24 10:00:01",1,0
4466289,9332432,"2024-01-24 10:40:02",2,0
4466289,9332439,"2024-01-24 10:40:17",4,0
4466289,9332451,"2024-01-24 10:40:32",1,0
4466289,9332434,"2024-01-24 10:40:47",3,0
4466289,9332433,"2024-01-24 10:41:24",3,0
4466289,9332445,"2024-01-24 10:41:28",1,0
4466289,9332462,"2024-01-24 10:41:42",1,0
4466289,9332459,"2024-01-24 10:43:06",1,0
4466289,9332450,"2024-01-24 10:47:20",1,0
4466289,9332441,"2024-01-24 10:48:32",1,0
4466289,9332452,"2024-01-24 10:49:56",3,0
4466289,9332440,"2024-01-24 10:50:22",4,2
4467586,9334995,"2024-01-24 10:51:12",1,0
4466289,9332443,"2024-01-24 10:51:26",1,0
4466289,9332468,"2024-01-24 10:51:42",1,0
4466289,9332435,"2024-01-24 10:52:54",1,2
4466289,9332464,"2024-01-24 10:53:32",2,0
4466289,9332437,"2024-01-24 10:53:46",1,0
4466289,9332446,"2024-01-24 10:53:50",2,0
4466289,9332458,"2024-01-24 10:54:46",3,3
4466289,9332453,"2024-01-24 10:55:35",4,0
4466289,9332436,"2024-01-24 10:57:10",4,0
4466289,9332431,"2024-01-24 10:57:37",4,0
4466193,9332283,"2024-01-24 10:59:26",2,0
4466289,9332447,"2024-01-24 10:59:58",6,4
4466289,9332467,"2024-01-24 11:00:36",1,0
4466289,9332460,"2024-01-24 11:03:37",3,0
4466289,9332463,"2024-01-24 11:06:01",1,0
4466289,9332438,"2024-01-24 11:07:47",2,0
4466289,9332456,"2024-01-24 11:19:04",1,0
4466181,9332245,"2024-01-24 11:19:40",1,0
4418919,9242226,"2024-01-24 12:26:14",1,0
4466440,9332832,"2024-01-24 12:52:19",2,0
4468199,9336290,"2024-01-24 14:15:56",1,0
4466181,9332247,"2024-01-24 14:48:35",0,60
4467762,9335379,"2024-01-24 15:04:10",1,0
4467762,9335381,"2024-01-24 15:09:24",1,0
4466289,9332457,"2024-01-24 15:19:50",1,0
4466289,9332455,"2024-01-24 15:25:55",1,1
4466289,9332465,"2024-01-24 15:27:45",1,0
4466289,9332449,"2024-01-24 15:32:12",1,0
4466289,9332461,"2024-01-24 15:38:04",2,0
4466289,9332466,"2024-01-24 15:45:45",2,0
4466289,9332454,"2024-01-24 15:53:18",3,0
4466289,9332448,"2024-01-24 15:54:13",8,0
4468990,9337670,"2024-01-24 16:02:23",1,0
4468203,9336295,"2024-01-24 16:16:09",7,4
4468258,9336447,"2024-01-24 16:18:41",6,6
4467692,9335275,"2024-01-24 16:19:08",3,0
4466289,9332444,"2024-01-24 16:28:57",11,1
4468370,9336605,"2024-01-24 16:29:24",1,0
4469356,9338222,"2024-01-24 16:46:02",1,0
4469356,9338221,"2024-01-24 16:46:17",1,0
4468370,9336603,"2024-01-24 16:48:32",1,0
4468211,9336344,"2024-01-24 16:54:59",2,0
4469472,9338440,"2024-01-24 16:56:50",1,0
4468370,9336602,"2024-01-24 17:05:27",6,0
4469472,9338442,"2024-01-24 17:16:00",2,0
4469208,9338021,"2024-01-24 17:22:49",1,0
4468370,9336604,"2024-01-24 18:33:59",1,1
4468212,9336350,"2024-01-25 12:08:55",1,1
4468212,9336351,"2024-01-25 12:09:00",2,0
4468212,9336352,"2024-01-25 12:09:04",2,0
4468215,9336375,"2024-01-25 12:09:07",2,1
4468215,9336376,"2024-01-25 12:09:11",2,0
4468495,9336797,"2024-01-25 12:09:15",4,2
4469037,9337729,"2024-01-25 12:09:18",1,0
4469037,9337730,"2024-01-25 12:09:21",1,0
4469037,9337731,"2024-01-25 12:09:25",2,0
4469037,9337732,"2024-01-25 12:09:28",1,0
4469037,9337733,"2024-01-25 12:09:31",1,0
4469072,9337804,"2024-01-25 12:09:38",3,0
4469072,9337805,"2024-01-25 12:09:41",1,0
4469072,9337806,"2024-01-25 12:09:44",1,0
4469072,9337809,"2024-01-25 12:09:51",3,1
4469583,9338642,"2024-01-25 12:10:34",5,0
4469583,9338643,"2024-01-25 12:10:38",3,1
4469583,9338645,"2024-01-25 12:10:41",2,0
4469583,9338647,"2024-01-25 12:10:45",1,0
4469583,9338648,"2024-01-25 12:10:48",1,0
4469795,9338983,"2024-01-25 12:10:51",1,0
4470145,9339698,"2024-01-25 12:10:54",1,0
4470214,9339877,"2024-01-25 12:10:57",4,0
4470214,9339878,"2024-01-25 12:11:01",1,0
4470214,9339879,"2024-01-25 12:11:04",1,0
4470241,9339929,"2024-01-25 12:11:07",5,0
4470241,9339930,"2024-01-25 12:11:10",1,0
4470541,9340446,"2024-01-25 12:11:13",1,0
4470541,9340447,"2024-01-25 12:11:16",1,0
4470541,9340448,"2024-01-25 12:11:19",1,0
4470541,9340449,"2024-01-25 12:11:22",1,0
4470541,9340450,"2024-01-25 12:11:25",1,0
4470541,9340451,"2024-01-25 12:11:29",1,0
4470541,9340452,"2024-01-25 12:11:32",1,0
4470541,9340453,"2024-01-25 12:11:35",1,0
4470541,9340454,"2024-01-25 12:11:38",1,0
4470541,9340455,"2024-01-25 12:11:41",1,0
4470541,9340456,"2024-01-25 12:11:44",1,0
4470541,9340457,"2024-01-25 12:11:48",1,0
4470775,9340936,"2024-01-25 12:12:49",1,0
4470843,9341063,"2024-01-25 12:12:52",1,0
4470843,9341064,"2024-01-25 12:12:55",1,0
4470843,9341065,"2024-01-25 12:12:59",1,0
4470843,9341066,"2024-01-25 12:13:02",1,0
4470843,9341068,"2024-01-25 12:13:08",1,0
4470843,9341069,"2024-01-25 12:13:11",1,0
4470892,9341136,"2024-01-25 12:13:15",2,0
4470904,9341161,"2024-01-25 12:13:18",1,0
4470905,9341162,"2024-01-25 12:13:21",1,0
4470906,9341163,"2024-01-25 12:13:24",1,0
4470907,9341164,"2024-01-25 12:13:27",1,0
4470909,9341166,"2024-01-25 12:13:30",1,0
4469037,9337728,"2024-01-25 13:36:15",1,0
4469472,9338439,"2024-01-25 13:38:35",1,0
4466436,9332828,"2024-01-25 13:38:47",1,0
4471874,9343020,"2024-01-25 15:22:39",1,0
4471620,9342534,"2024-01-25 15:23:12",1,0
4471849,9342959,"2024-01-25 15:55:22",1,0
4471849,9342960,"2024-01-25 15:55:37",1,0
4471849,9342958,"2024-01-25 15:57:01",11,0
4472595,9344263,"2024-01-25 16:40:51",1,0
4471467,9342264,"2024-01-25 16:57:47",1,0
4471478,9342280,"2024-01-25 17:03:46",1,0
4471286,9341811,"2024-01-25 17:09:45",5,0
4471624,9342544,"2024-01-25 17:11:08",1,0
4471467,9342262,"2024-01-25 17:12:09",3,0
4471605,9342474,"2024-01-25 17:12:36",1,0
4471567,9342391,"2024-01-25 17:14:16",1,0
4471467,9342263,"2024-01-25 17:14:32",1,0
4471445,9342177,"2024-01-25 17:14:46",1,0
4471610,9342510,"2024-01-25 17:15:12",2,0
4471605,9342471,"2024-01-25 17:15:50",1,0
4471478,9342282,"2024-01-25 17:16:04",1,0
4471286,9341814,"2024-01-25 17:16:42",3,0
4471286,9341813,"2024-01-25 17:16:57",1,0
4471610,9342509,"2024-01-25 17:22:50",1,3
4471467,9342265,"2024-01-25 17:23:20",1,0
4471610,9342511,"2024-01-25 17:23:58",1,1
4471286,9341812,"2024-01-25 17:25:11",3,2
4471605,9342476,"2024-01-25 17:26:02",4,0
4471622,9342537,"2024-01-25 17:26:28",1,0
4471605,9342475,"2024-01-25 18:24:31",2,0
4471567,9342392,"2024-01-25 18:32:26",1,0
4471478,9342281,"2024-01-25 18:42:08",3,2
4471467,9342260,"2024-01-25 18:42:56",3,1
4471445,9342178,"2024-01-25 18:44:40",6,2
4471620,9342533,"2024-01-25 20:13:24",1,0
4471620,9342532,"2024-01-25 20:14:33",1,0
4472634,9344483,"2024-01-25 20:17:11",1,0
4472634,9344491,"2024-01-25 20:24:32",1,0
4472634,9344485,"2024-01-25 20:25:31",1,0
4472634,9344535,"2024-01-25 20:25:45",1,0
4471620,9342535,"2024-01-25 20:28:12",2,0
4472634,9344529,"2024-01-25 20:28:37",2,0
4472634,9344512,"2024-01-25 20:31:39",1,0
4472634,9344494,"2024-01-25 20:34:24",1,0
4472634,9344520,"2024-01-25 20:34:38",1,0
4472634,9344527,"2024-01-25 20:35:10",1,0
4472634,9344539,"2024-01-25 20:35:24",1,0
4472634,9344523,"2024-01-25 20:35:38",1,0
4472634,9344513,"2024-01-25 20:36:03",1,0
4472634,9344543,"2024-01-25 20:36:06",1,0
4472634,9344489,"2024-01-25 20:36:43",3,0
4472634,9344526,"2024-01-25 20:37:46",1,0
4472634,9344484,"2024-01-25 20:39:36",1,0
4472634,9344542,"2024-01-25 20:39:39",1,0
4471467,9342257,"2024-01-25 20:48:46",9,10
4471605,9342472,"2024-01-25 20:58:37",5,0
4471605,9342473,"2024-01-25 21:11:38",1,0
4471851,9342962,"2024-01-26 09:15:01",1,0
4471851,9342968,"2024-01-26 09:15:50",1,0
4473491,9346120,"2024-01-26 09:17:13",1,0
4471851,9342969,"2024-01-26 09:17:50",1,0
4473480,9346107,"2024-01-26 09:21:57",1,0
4471851,9342974,"2024-01-26 09:22:27",2,0
4473492,9346121,"2024-01-26 09:22:30",1,0
4471851,9342996,"2024-01-26 09:24:19",1,0
4473434,9346003,"2024-01-26 09:34:05",2,0
4473434,9346004,"2024-01-26 09:34:54",1,0
4473434,9346005,"2024-01-26 09:37:25",1,0
4469598,9338662,"2024-01-26 09:55:52",1,2
4472634,9344487,"2024-01-26 09:56:17",1,0
4472634,9344559,"2024-01-26 10:01:37",1,0
4473434,9346011,"2024-01-26 10:01:40",5,0
4473434,9346010,"2024-01-26 10:04:57",1,0
4473434,9346014,"2024-01-26 10:07:43",1,0
4472634,9344563,"2024-01-26 10:08:32",1,0
4469602,9338667,"2024-01-26 10:10:04",1,0
4473434,9346015,"2024-01-26 10:10:30",1,0
4472634,9344537,"2024-01-26 10:13:02",1,2
4469598,9338661,"2024-01-26 10:14:26",2,5
4472634,9344538,"2024-01-26 10:14:52",1,0
4472634,9344503,"2024-01-26 10:18:58",1,0
4472634,9344493,"2024-01-26 10:19:13",8,1
4469598,9338663,"2024-01-26 10:24:06",1,0
4472634,9344482,"2024-01-26 10:24:20",1,0
4472634,9344536,"2024-01-26 10:26:30",1,0
4472634,9344534,"2024-01-26 10:29:11",1,0
4472634,9344565,"2024-01-26 10:29:37",2,0
4472634,9344517,"2024-01-26 10:32:43",4,0
4472634,9344551,"2024-01-26 10:32:58",2,0
4472634,9344514,"2024-01-26 10:33:24",1,0
4472634,9344524,"2024-01-26 10:33:28",1,1
4472634,9344495,"2024-01-26 10:33:42",1,0
4472634,9344509,"2024-01-26 10:33:46",2,0
4472634,9344560,"2024-01-26 10:35:54",1,0
4472634,9344556,"2024-01-26 10:36:21",4,0
4472283,9343729,"2024-01-26 10:39:24",3,1
4472634,9344528,"2024-01-26 10:40:40",1,0
4472634,9344492,"2024-01-26 10:49:42",1,0
4472634,9344510,"2024-01-26 10:50:44",3,1
4472634,9344488,"2024-01-26 10:53:15",2,0
4472634,9344541,"2024-01-26 10:54:15",1,0
4472634,9344486,"2024-01-26 10:55:04",4,2
4472634,9344500,"2024-01-26 10:56:04",1,0
4472634,9344532,"2024-01-26 10:56:57",1,0
4472634,9344505,"2024-01-26 10:57:46",1,0
4472634,9344497,"2024-01-26 10:58:35",1,0
4472634,9344533,"2024-01-26 12:40:54",2,1
4473545,9346198,"2024-01-26 12:56:31",8,0
4473527,9346173,"2024-01-26 12:56:49",1,0
4473528,9346174,"2024-01-26 12:58:34",3,0
4474291,9347477,"2024-01-26 12:58:48",1,0
4474294,9347485,"2024-01-26 12:59:02",1,0
4474285,9347465,"2024-01-26 12:59:17",1,0
4474286,9347466,"2024-01-26 12:59:20",1,0
4474305,9347506,"2024-01-26 13:00:31",3,0
4474287,9347467,"2024-01-26 13:00:45",1,0
4474308,9347509,"2024-01-26 13:01:23",1,0
4474566,9347967,"2024-01-26 14:35:05",3,32
4470112,9339604,"2024-01-26 14:44:59",2,0
4470676,9340705,"2024-01-26 14:45:01",0,2
4470676,9340706,"2024-01-26 14:45:04",2,1
4470676,9340707,"2024-01-26 14:45:07",2,2
4471106,9341450,"2024-01-26 14:45:09",1,0
4471106,9341451,"2024-01-26 14:45:12",1,0
4471316,9341855,"2024-01-26 14:45:14",1,2
4474566,9347959,"2024-01-26 14:45:17",1,4
4474566,9347961,"2024-01-26 14:55:23",1,0
4474566,9347964,"2024-01-26 14:56:11",1,0
4470847,9341077,"2024-01-26 15:01:34",1,0
4474566,9347965,"2024-01-26 15:06:34",1,1
4472634,9344544,"2024-01-26 15:13:01",1,0
4474566,9347966,"2024-01-26 15:13:38",1,0
4472634,9344521,"2024-01-26 15:16:12",3,0
4472634,9344530,"2024-01-26 15:16:27",2,0
4475090,9348758,"2024-01-26 15:16:42",1,0
4472634,9344508,"2024-01-26 15:17:57",1,0
4472634,9344504,"2024-01-26 15:19:35",1,0
4472634,9344519,"2024-01-26 15:21:02",2,0
4472634,9344571,"2024-01-26 15:21:16",2,0
4472634,9344570,"2024-01-26 15:21:43",1,0
4474566,9347968,"2024-01-26 15:24:18",1,0
4472634,9344540,"2024-01-26 15:29:24",1,1
4474559,9347953,"2024-01-26 15:31:34",2,5
4474566,9347963,"2024-01-26 15:33:08",1,0
4472634,9344554,"2024-01-26 15:35:46",1,0
4472634,9344548,"2024-01-26 15:37:10",2,1
4472634,9344562,"2024-01-26 15:38:22",1,1
4472634,9344515,"2024-01-26 15:52:16",3,2
4475720,9349897,"2024-01-26 16:27:13",1,0
4475687,9349848,"2024-01-26 16:27:39",1,0
4475719,9349896,"2024-01-26 16:27:53",1,0
4475685,9349846,"2024-01-26 16:28:08",1,0
4475715,9349888,"2024-01-26 16:28:23",1,0
4471602,9342458,"2024-01-26 16:42:41",1,0
4469041,9337736,"2024-01-26 16:43:21",2,0
4475820,9350100,"2024-01-26 16:52:11",1,0
4475820,9350096,"2024-01-26 16:54:01",1,0
4475820,9350098,"2024-01-26 16:54:15",1,0
4475466,9349450,"2024-01-26 16:57:37",1,0
4475466,9349451,"2024-01-26 17:00:54",1,0
4475681,9349841,"2024-01-26 17:19:43",1,0
4472634,9344545,"2024-01-26 18:41:33",2,1
4475722,9349899,"2024-01-26 19:01:21",1,0
4475722,9349900,"2024-01-26 19:02:20",1,0
4475722,9349901,"2024-01-26 19:03:07",1,0
4473434,9346009,"2024-01-26 19:04:28",1,0
4475722,9349902,"2024-01-26 19:06:22",1,0
4473493,9346122,"2024-01-29 10:50:49",1,0
4469072,9337808,"2024-01-29 10:51:59",2,0
4470843,9341067,"2024-01-29 10:52:20",1,0
4476588,9351430,"2024-01-29 11:58:43",1,0
4476588,9351431,"2024-01-29 11:58:47",3,0
4476588,9351432,"2024-01-29 11:58:50",2,0
4476588,9351433,"2024-01-29 11:58:54",8,2
4476588,9351434,"2024-01-29 11:58:57",3,0
4476588,9351435,"2024-01-29 11:59:00",1,0
4476588,9351436,"2024-01-29 11:59:04",1,0
4476588,9351437,"2024-01-29 11:59:07",2,0
4476588,9351438,"2024-01-29 11:59:11",7,2
4476588,9351439,"2024-01-29 11:59:14",1,0
4476588,9351440,"2024-01-29 11:59:17",3,0
4476588,9351441,"2024-01-29 11:59:21",2,2
4476588,9351442,"2024-01-29 11:59:24",2,0
4476588,9351443,"2024-01-29 11:59:27",1,0
4476588,9351444,"2024-01-29 11:59:30",2,0
4476588,9351445,"2024-01-29 11:59:34",9,0
4476588,9351446,"2024-01-29 11:59:37",1,0
4476588,9351447,"2024-01-29 11:59:40",1,0
4476588,9351448,"2024-01-29 11:59:43",2,0
4476588,9351449,"2024-01-29 11:59:47",1,2
4476588,9351450,"2024-01-29 11:59:50",1,0
4476588,9351451,"2024-01-29 11:59:53",2,0
4476588,9351452,"2024-01-29 11:59:56",1,0
4476588,9351453,"2024-01-29 12:00:00",1,0
4476589,9351481,"2024-01-29 12:00:03",1,0
4476609,9351502,"2024-01-29 12:00:06",6,0
4476609,9351504,"2024-01-29 12:00:12",1,0
4476609,9351505,"2024-01-29 12:00:15",1,0
4476609,9351506,"2024-01-29 12:00:18",1,0
4476609,9351507,"2024-01-29 12:00:21",1,0
4476609,9351508,"2024-01-29 12:00:24",1,0
4476609,9351509,"2024-01-29 12:00:27",1,0
4476609,9351510,"2024-01-29 12:00:30",1,0
4476615,9351539,"2024-01-29 12:00:34",1,0
4476615,9351540,"2024-01-29 12:00:37",6,0
4476615,9351541,"2024-01-29 12:00:41",1,0
4477217,9352729,"2024-01-29 12:01:46",1,0
4477218,9352730,"2024-01-29 12:01:49",1,0
4477599,9353460,"2024-01-29 12:03:03",2,0
4477599,9353461,"2024-01-29 12:03:06",1,0
4477599,9353462,"2024-01-29 12:03:09",1,0
4477752,9353770,"2024-01-29 12:03:12",1,0
4477752,9353772,"2024-01-29 12:03:15",1,0
4477966,9354233,"2024-01-29 12:03:18",1,0
4478459,9355090,"2024-01-29 12:59:24",1,0
4478459,9355091,"2024-01-29 12:59:38",1,0
4478887,9355939,"2024-01-29 15:25:42",1,0
4477692,9353654,"2024-01-29 15:47:53",1,0
4477763,9353783,"2024-01-29 15:51:15",3,0
4476636,9351545,"2024-01-29 15:54:23",4,0
4477692,9353647,"2024-01-29 15:55:39",1,0
4477692,9353648,"2024-01-29 15:56:18",4,0
4477692,9353650,"2024-01-29 16:04:54",5,3
4476636,9351546,"2024-01-29 16:28:04",2,0
4479995,9357926,"2024-01-29 16:49:16",1,0
4479992,9357920,"2024-01-29 16:50:42",1,0
4477692,9353658,"2024-01-29 16:51:08",1,0
4477920,9354141,"2024-01-29 16:52:13",1,0
4479992,9357919,"2024-01-29 16:53:38",3,0
4479992,9357921,"2024-01-29 16:54:38",1,0
4479992,9357922,"2024-01-29 16:55:09",1,0
4479992,9357924,"2024-01-29 16:55:24",1,0
4477692,9353652,"2024-01-29 16:55:39",3,1
4477692,9353645,"2024-01-29 17:12:53",4,0
4477692,9353653,"2024-01-29 17:24:41",1,0
4480020,9357981,"2024-01-29 17:36:40",1,0
4480131,9358213,"2024-01-29 17:36:55",1,0
4480142,9358228,"2024-01-29 17:37:09",1,0
4476588,9351454,"2024-01-29 17:40:14",4,0
4480146,9358235,"2024-01-29 17:41:48",2,0
4476588,9351455,"2024-01-29 17:43:46",2,0
4480170,9358300,"2024-01-29 17:44:00",1,0
4477692,9353655,"2024-01-29 18:33:22",15,2
4477920,9354132,"2024-01-30 11:25:01",2,0
4477920,9354134,"2024-01-30 11:25:06",3,0
4477920,9354135,"2024-01-30 11:25:11",15,8
4477920,9354139,"2024-01-30 11:25:15",2,1
4477920,9354143,"2024-01-30 11:25:18",2,0
4477920,9354144,"2024-01-30 11:25:22",3,0
4478524,9355174,"2024-01-30 11:25:25",1,0
4478524,9355175,"2024-01-30 11:25:29",2,1
4478932,9356010,"2024-01-30 11:25:36",1,0
4478932,9356012,"2024-01-30 11:25:39",5,0
4478932,9356014,"2024-01-30 11:25:42",1,0
4478932,9356015,"2024-01-30 11:25:45",1,0
4479012,9356141,"2024-01-30 11:25:49",5,1
4479012,9356142,"2024-01-30 11:25:52",1,0
4479012,9356144,"2024-01-30 11:25:59",1,0
4479171,9356498,"2024-01-30 11:26:02",1,0
4479352,9356822,"2024-01-30 11:26:05",1,0
4479352,9356823,"2024-01-30 11:26:09",1,0
4479352,9356824,"2024-01-30 11:26:12",3,0
4479352,9356825,"2024-01-30 11:26:16",1,0
4479352,9356826,"2024-01-30 11:26:19",2,0
4479352,9356828,"2024-01-30 11:26:23",1,0
4479352,9356829,"2024-01-30 11:26:26",1,0
4479352,9356830,"2024-01-30 11:26:29",1,0
4479352,9356833,"2024-01-30 11:26:32",1,0
4479352,9356835,"2024-01-30 11:26:36",1,0
4479352,9356837,"2024-01-30 11:26:39",3,0
4479918,9357829,"2024-01-30 11:26:43",4,0
4481187,9360459,"2024-01-30 11:27:30",1,0
4481238,9360576,"2024-01-30 11:27:33",1,0
4481238,9360577,"2024-01-30 11:27:36",1,0
4481238,9360578,"2024-01-30 11:27:39",1,0
4481238,9360580,"2024-01-30 11:27:42",1,0
4481238,9360581,"2024-01-30 11:27:45",1,0
4481238,9360582,"2024-01-30 11:27:48",1,0
4481797,9361574,"2024-01-30 11:27:52",1,0
4482111,9362227,"2024-01-30 11:30:08",1,0
4481603,9361265,"2024-01-30 11:31:37",1,0
4482203,9362433,"2024-01-30 11:34:09",1,0
4482111,9362224,"2024-01-30 11:35:20",1,0
4482111,9362226,"2024-01-30 11:37:55",1,0
4482203,9362431,"2024-01-30 11:40:06",1,0
4479352,9356832,"2024-01-30 12:13:37",5,1
4482111,9362225,"2024-01-30 12:33:52",2,0
4481256,9360617,"2024-01-30 12:57:38",0,1
4482718,9363471,"2024-01-30 13:00:30",1,0
4482718,9363472,"2024-01-30 13:00:44",1,0
4482718,9363473,"2024-01-30 13:01:10",3,0
4482719,9363476,"2024-01-30 13:02:21",1,0
4482719,9363475,"2024-01-30 13:02:35",1,0
4482719,9363474,"2024-01-30 13:02:49",1,0
4482720,9363477,"2024-01-30 13:03:14",1,0
4483262,9364476,"2024-01-30 16:02:23",1,0
4482275,9362606,"2024-01-30 16:36:29",1,0
4482275,9362622,"2024-01-30 16:38:40",1,0
4482275,9362646,"2024-01-30 16:39:20",1,0
4482203,9362426,"2024-01-30 16:39:50",1,0
4482203,9362428,"2024-01-30 16:39:53",1,0
4482275,9362604,"2024-01-30 16:39:58",1,0
4482275,9362614,"2024-01-30 16:40:48",1,0
4483917,9365572,"2024-01-30 16:42:01",1,0
4482275,9362613,"2024-01-30 16:42:16",1,0
4482275,9362607,"2024-01-30 16:42:43",1,0
4482275,9362597,"2024-01-30 16:43:21",3,0
4482275,9362612,"2024-01-30 16:45:19",1,0
4482275,9362616,"2024-01-30 16:45:57",1,0
4482275,9362590,"2024-01-30 16:47:09",1,0
4483916,9365571,"2024-01-30 16:50:41",1,0
4482275,9362634,"2024-01-30 16:52:41",2,0
4482275,9362630,"2024-01-30 16:52:55",3,0
4482275,9362587,"2024-01-30 16:54:55",2,0
4482275,9362600,"2024-01-30 17:06:01",1,0
4482275,9362596,"2024-01-31 09:41:16",2,0
4482275,9362599,"2024-01-31 09:41:31",2,0
4482275,9362642,"2024-01-31 09:41:47",6,1
4482275,9362592,"2024-01-31 09:54:54",4,0
4482275,9362637,"2024-01-31 09:55:43",3,0
4482275,9362626,"2024-01-31 10:22:10",5,0
4482275,9362602,"2024-01-31 10:22:37",5,6
4482275,9362636,"2024-01-31 10:30:17",2,0
4482275,9362643,"2024-01-31 10:30:44",2,0
4482275,9362579,"2024-01-31 10:35:54",4,1
4482275,9362625,"2024-01-31 10:36:54",2,0
4482275,9362593,"2024-01-31 10:38:32",1,0
4482275,9362610,"2024-01-31 10:42:39",1,0
4482275,9362598,"2024-01-31 10:44:14",1,0
4485430,9368224,"2024-01-31 10:48:27",1,0
4485430,9368223,"2024-01-31 10:54:13",2,0
4482275,9362591,"2024-01-31 10:59:06",4,0
4482275,9362619,"2024-01-31 11:00:07",1,0
4482275,9362611,"2024-01-31 11:01:25",1,0
4484955,9367505,"2024-01-31 11:01:40",1,0
4482275,9362632,"2024-01-31 11:04:16",2,1
4482275,9362629,"2024-01-31 11:05:05",1,0
4485430,9368222,"2024-01-31 11:07:05",5,0
4482275,9362644,"2024-01-31 11:09:14",2,0
4482275,9362609,"2024-01-31 11:10:15",3,0
4482275,9362589,"2024-01-31 11:12:44",4,0
4482275,9362631,"2024-01-31 11:13:45",1,0
4482275,9362639,"2024-01-31 11:22:12",1,0
4485265,9367952,"2024-01-31 11:36:15",1,0
4486149,9369481,"2024-01-31 12:13:11",1,0
4484547,9366764,"2024-01-31 13:56:13",1,0
4485474,9368305,"2024-01-31 14:46:25",1,0
4485474,9368304,"2024-01-31 14:48:11",1,0
4486376,9369828,"2024-01-31 15:13:01",1,0
4478524,9355176,"2024-01-31 15:18:55",9,1
4486326,9369725,"2024-01-31 15:19:11",1,0
4486376,9369823,"2024-01-31 15:29:49",1,2
4486743,9370587,"2024-01-31 15:43:12",2,0
4486376,9369825,"2024-01-31 15:48:21",3,0
4486379,9369839,"2024-01-31 15:56:59",3,0
4486326,9369724,"2024-01-31 16:02:57",8,7
4486315,9369710,"2024-01-31 16:05:22",2,2
4486379,9369840,"2024-01-31 16:05:50",2,0
4486376,9369824,"2024-01-31 16:11:31",2,0
4486326,9369723,"2024-01-31 16:17:18",5,1
4486406,9369870,"2024-01-31 16:31:59",1,0
4486970,9370995,"2024-01-31 16:34:56",1,0
4486973,9370998,"2024-01-31 16:35:22",1,0
4486972,9370997,"2024-01-31 16:35:37",1,0
4486376,9369826,"2024-01-31 16:49:35",1,0
4486315,9369713,"2024-01-31 16:53:58",3,0
4486376,9369827,"2024-01-31 16:58:48",3,0
4486379,9369838,"2024-01-31 17:01:58",2,0
4486379,9369837,"2024-01-31 17:14:50",17,13
4486492,9370159,"2024-01-31 17:46:11",5,2
4486888,9370876,"2024-01-31 18:54:23",0,4
4486888,9370877,"2024-01-31 18:54:25",1,11
4487054,9371158,"2024-01-31 18:54:27",1,1
4487054,9371159,"2024-01-31 18:54:30",2,0
4487060,9371166,"2024-01-31 18:54:32",1,3
